A,B,C,D,E,F,G,H,I,J
0.9244846479948333,0.5591150531153191,0.36468402029655733,0.7934707399951815,0.2895286919013549,0.43463640954572946,0.01978267998465011,0.040272574161595465,0.3537076683682613,0.4016967079465238
0.22071950030746923,0.4091254500256477,0.5060968362650651,0.7251230398014311,0.2623096394802247,0.2295054855342764,0.4065310487511693,0.2186464021284824,0.30125687307137305,0.06467215812719707
0.9559798761226024,0.36993216536445905,0.4503413364338795,0.6506092578824031,0.7087290065853534,0.3434364332751546,0.4054939541004364,0.8039315813009882,0.6920843434559969,0.7764291917589302
0.5504836158747605,0.0009602650021495185,0.9027128149528035,0.6653836155506221,0.6137881113177847,0.07702666113844825,0.42503041651317286,0.46923365582956267,0.9179574323611247,0.9784814305843417
0.7639366614843818,0.149952744730515,0.15797766579267303,0.431366136384435,0.3679440370661724,0.9486025115974756,0.7747445037148258,0.8760498794907905,0.9655342603069823,0.3643466587341143
0.34117128951848585,0.2846887099191243,0.8091040480425562,0.004779906425958602,0.21108980831144797,0.004853463135255698,0.5944430303308869,0.0558865070169825,0.9408553812026396,0.9417273344678216
0.6302767094353796,0.060316249119097165,0.2698428698538142,0.5538432331356354,0.74593054688754,0.31684574913499264,0.14135601795703612,0.2969016032434161,0.16390998863235207,0.3918660977501671
0.8696140420459848,0.7709955970747367,0.9752943725736515,0.5842098319966381,0.20586235062037617,0.6826116501253362,0.13958893951560103,0.7825078581042411,0.2250459313660531,0.44978608402633824
0.1696830604341687,0.3898615353528925,0.5222398179906095,0.8231251105813444,0.6273941193135314,0.8008706956966796,0.8157107232619255,0.4351386484529085,0.905829604092972,0.9664974044737619
0.9581385318108562,0.9941462261220524,0.0646359914829342,0.7658410853145223,0.8193740614253802,0.8131251087326755,0.41421358580806333,0.8801970818537486,0.8733562864315065,0.4730870253787033
0.4427723654214628,0.7686088702081288,0.8555336360155182,0.144623733514038,0.8039525604562189,0.6261246063885614,0.3606666057405947,0.4479967510335877,0.8108037069302974,0.31242271410670586
0.6100731068044157,0.8712198363328121,0.3516026682483596,0.037440989645551204,0.5473237037164477,0.702536960195382,0.10112494281452966,0.029963309677606742,0.2113158292008297,0.034149505228877164
0.8776460132057945,0.6850195588167072,0.9271456531555735,0.158052672906159,0.10070445265403638,0.5193785107295786,0.5198319810170241,0.8162242432325729,0.5333469766819597,0.8033845901493015
0.2295436977916383,0.916353163840803,0.6978126121206706,0.3775642511706011,0.9599539044124611,0.3664708649915879,0.837983898991909,0.6166240020438121,0.5064275181209387,0.7108141221578603
0.9877397035626405,0.4590036402096195,0.858657790231312,0.8569867687154108,0.8988668634749584,0.7331812432428279,0.09070941649982256,0.7139912488327046,0.6609228433368574,0.21867537171507878
0.663542198969304,0.852827724652646,0.008343050582510503,0.7812456150310623,0.04063164897905602,0.5595393086128203,0.11517268414274529,0.6164092681799525,0.6073652841198761,0.006922495070587176
0.8765230775098888,0.8546291746222293,0.8957889860171577,0.8662093184542217,0.781690522373867,0.6667028981071956,0.67042951516781,0.20856828479001766,0.7746765259625679,0.15651244800765385
0.35106872246010956,0.20514680555067732,0.348929414512696,0.5469429254450064,0.41322516430561973,0.30223882795719037,0.7935148561976433,0.5150217290178296,0.6135632288676299,0.11635750190153704
0.31195157556339925,0.6587431841452255,0.2747758286245109,0.6922726950943057,0.06851544113804586,0.2641269267538098,0.6598274088335934,0.796810774024732,0.1253853418882228,0.14458606672539676
0.5455369358378828,0.7561489554935638,0.49659440853496917,0.4809336706134213,0.04136732741352955,0.48301438444441414,0.918901139843598,0.9752855199293359,0.8653688175756298,0.4339177033502454
0.30414725501497897,0.960636334022606,0.26390461318698777,0.06389080883113296,0.25300106571769343,0.3586496783430625,0.32730106519180535,0.3510449217906778,0.14001960938642677,0.5462851727389065
0.23371209748858546,0.46435672491562385,0.39665838880514426,0.8675202894377297,0.6623857207950218,0.518146573674349,0.9730926044218074,0.665063182341517,0.01642011625060602,0.6646012030303214
0.7331608959110395,0.11622398032040393,0.7589965549290265,0.8387319948695781,0.581229827952982,0.8487577880038706,0.7327578473649523,0.5127411617692983,0.1404791472900203,0.27285562132395935
0.892247806631969,0.0675771389484231,0.6792295995700406,0.44112165607766063,0.717997877584747,0.6098464901359264,0.9624177016786697,0.624101516230265,0.530054168610262,0.806649648776613
0.8864212135793335,0.36804911801874163,0.9045028112601736,0.19383822707652265,0.3917862199197032,0.26077664459071015,0.47900815177301626,0.9144240228319975,0.8889226828935106,0.8924222769659768
0.9077542679366302,0.47085181422064204,0.4287769034736224,0.5347471719521001,0.18382637899320498,0.3791726633505318,0.7863415188674542,0.37901597990026203,0.9889166824201975,0.2907209213009544
0.3534184088303085,0.4148177962231199,0.2733436731583636,0.2577127529827796,0.49965146811847705,0.4502643987825454,0.6383211814686277,0.7787451778281329,0.9956554276331383,0.18042872733734616
0.9328162591366788,0.6578807264727363,0.4464618967349707,0.8750762666658735,0.19340192291027325,0.9668537837069898,0.712811405739481,0.5648975717261867,0.1749731206608104,0.1638813741421683
0.9597286302440562,0.12049919348115068,0.9664335037463617,0.40423619349782436,0.26969048185994493,0.48508166196529123,0.6945678498952457,0.9765089611808744,0.9947976421897435,0.7583515545473213
0.8739858849709351,0.5433785827992564,0.9901735337504081,0.9040877817683409,0.17368463172558768,0.005565732219787511,0.05358462768218342,0.6969206262696711,0.8480882600738657,0.05630438083635814
0.1579694078645283,0.8520516939169586,0.7058107709748991,0.5577188644033685,0.016157273255233306,0.1081836764509494,0.46357284649387254,0.6853977923205948,0.32850907030693244,0.9801436344427127
0.502538722465667,0.5727987227911593,0.10831617697711937,0.9353931198391158,0.31586172170596427,0.43807435851560683,0.5418009665420978,0.016054893101684287,0.8642250932294434,0.7227069388005778
0.7174444141896041,0.19722776978278422,0.820329087671157,0.6695441642514299,0.5951381950789519,0.570199813847192,0.526525285443105,0.1623255469255247,0.5659102854000139,0.9447037108669599
0.6835461395724461,0.05067383466736075,0.36718684515946476,0.3285453080884564,0.0682445849566321,0.16057154494078418,0.28034512642439835,0.6300007336378184,0.7663821193434366,0.2932136854050331
0.49081186559119916,0.8963310618561025,0.024639692536963964,0.38883875066366413,0.8028202027933029,0.5001331995610386,0.1624537894881064,0.3605487571041799,0.2787914361663474,0.196648924513823
0.30719822606282676,0.9039856574629398,0.10028573958574549,0.48242542873078653,0.15033047339239936,0.609429235970067,0.8741520001900388,0.017708106951572322,0.19720122798194062,0.4974596929304509
0.6967169641780121,0.3553640109830364,0.8560329435192411,0.09632737962260962,0.8217563474502887,0.49383096558729966,0.43138229518417726,0.4121225332231646,0.8060337918216296,0.887729419824505
0.5980445090220037,0.7923674851319604,0.6782632793328182,0.4703221658999006,0.8549425127446357,0.18368898217334884,0.6344386508709972,0.20079174931077748,0.3423093982039612,0.7527862208551833
0.32041159018795595,0.4388499128510419,0.7622298573497358,0.46990145926140015,0.04394711385849881,0.8690658803631004,0.5045400362003855,0.21379977095246339,0.9245080073223004,0.858745186425777
0.9443295657875249,0.9164668064135427,0.5845332754334465,0.11076920173950056,0.7950036263600329,0.7203595611615004,0.7542925897488139,0.10394200844362989,0.2527196225030174,0.14999502043482793
0.0993614123515626,0.5149264843835523,0.4688826673947971,0.9063485782887747,0.47526416447375985,0.2976844677580739,0.9894869655981078,0.5060139778527959,0.11401670765448413,0.08856685201382064
0.791633854879718,0.15412851449081066,0.2600778877938601,0.3873307953666204,0.514823237936326,0.8640645317749305,0.26721215591226843,0.41829457989986085,0.07038141141527099,0.5992695582562311
0.8363738465081437,0.7147018140021499,0.3422810498471516,0.8901139605588548,0.20126404355622463,0.8497382556239623,0.6907240401598731,0.9602756149960734,0.9631020139433945,0.82074083279975
0.30227408963864244,0.6782627242375276,0.9470123465612316,0.12847815242715632,0.16494726027723616,0.3411801915062904,0.2823714213785451,0.23377849063981126,0.00984180092502418,0.2828733213254373
0.5720910526374599,0.07646374465604266,0.07474796867950317,0.212894835628181,0.28101668055182405,0.9493813197200038,0.43174075071505247,0.8827855018295209,0.18873045826862767,0.5962293963645473
0.7235194122143687,0.5459430966427211,0.8033451052711208,0.7334048213848762,0.5580732417359218,0.7626900725393606,0.5260403433376359,0.4493271417453414,0.030005707006550253,0.24618063959676773
0.7685898200696498,0.6081340592182587,0.8811950435931735,0.7689436966445024,0.735439895682389,0.466132091823127,0.43552818212313316,0.721194305167111,0.8969031504419446,0.5799848367584524
0.24912905009128716,0.37270562294682463,0.09213214578312001,0.45819025279297,0.8935914202362976,0.8906679138862436,0.3401688823285369,0.7840538218665725,0.9442521628195596,0.047584803685854826
0.001333157111974792,0.27875578937907775,0.37064781923899737,0.9804643332169954,0.6247344263733299,0.5013072099012854,0.5685345652815957,0.26236639915604276,0.5588285730239234,0.021944232671210817
0.4084825376710811,0.34463913920753997,0.5585383002698965,0.32441084049034274,0.6850086363295739,0.31716219158832937,0.1827111952295234,0.9962116199395555,0.27082136351499975,0.16120074973933496
0.4385074192886952,0.6338332329643313,0.46538220227216787,0.43443543149839725,0.5881171736309309,0.07223593677081097,0.6612754408095077,0.38768044884239183,0.04179797761093362,0.009353384967291545
0.05755390613053901,0.6693108948236275,0.6816230385668446,0.32680179657304054,0.18530718663579904,0.6080741841412449,0.29164585257412545,0.2695842203342993,0.7459832090838903,0.5503192513079267
0.8076604057532021,0.14756964869009048,0.6935038263607551,0.34613236714120377,0.566008085799368,0.6730536510540648,0.7668526524659266,0.8107552052109472,0.06074746379335716,0.7106114319621946
0.4106867558905076,0.6778619947077137,0.028766183941171475,0.32226639701469706,0.8188393326750223,0.32717888460724,0.9028859009348003,0.7407330268927256,0.1594163664580588,0.5937126453338513
0.6292114814246746,0.2946557676616042,0.5709186865454631,0.044136572704385646,0.17935119196321125,0.43428512229173044,0.6643396555104137,0.44781503600879036,0.5679113771327318,0.6235491865832786
0.5197727379308416,0.23298962219138697,0.6246802082066125,0.8266373289738,0.22973283095747943,0.8764137408903485,0.046779077625209387,0.3361082292685901,0.39347930624560234,0.9211510004555414
0.4340659654528828,0.974403528083546,0.3024589121961824,0.6463850068520556,0.9149857871384887,0.7091696284588842,0.9991167510057061,0.13577670588558288,0.04964215812731887,0.954395819866505
0.18530997384712566,0.5782994030350523,0.20933142493001,0.6222627558067257,0.428628729081317,0.2754479380437539,0.013967121616277,0.3338877268930117,0.48655473711337494,0.7995674343461853
0.49101263216462854,0.6277681774930685,0.7762395764119927,0.53918871739641,0.48148922835281427,0.9819925674253454,0.3686537718206506,0.4839764804154917,0.0806261303053516,0.44970342728014934
0.41048829120034636,0.2518198298109434,0.6409313901692046,0.7834971351108552,0.7672984759447654,0.03654354895607059,0.9788401205474547,0.5120585410083942,0.6072256364135246,0.5253955426264344
0.5301626777185809,0.8223303133313911,0.42301057487200733,0.19674214865173068,0.7783291647219022,0.16905841812929223,0.5860676780828853,0.22362675077236005,0.3207159796394957,0.11404121719175553
0.3094002220931591,0.5831311258722008,0.8415056631323653,0.5402264389673789,0.46512744749664126,0.868549185157856,0.5825052486986909,0.9773234644644256,0.6849468614626285,0.5196443524982693
0.1883767598128705,0.04839688936274955,0.33982902434448037,0.4261623836892784,0.6214122208080284,0.7069889831205881,0.7934500641286566,0.39778943222944607,0.14228075199799672,0.04006435882508674
0.21334944298790237,0.7577925974035093,0.47223176096227415,0.0433462966737459,0.9623322831408581,0.004918938723783461,0.7566050825410146,0.5760595790192813,0.2638945367405088,0.9424024087690743
0.03970893929208397,0.8751668329768502,0.26921071591276624,0.5722410120785318,0.6019185776419047,0.8846514015514102,0.23827820214851614,0.25591530097943227,0.21380281957963376,0.9114533484615539
0.7295804222261245,0.07058466052740109,0.6626012888045373,0.46464869029063294,0.2045175988919673,0.9274864285175004,0.8451410800362053,0.9688020182691583,0.8746016295043136,0.10550287535398262
0.03233061348912347,0.36294437648934885,0.9999962440746981,0.40130940733487686,0.35795795992902724,0.21775272335157858,0.5561078820555515,0.35123117678306925,0.4764377592179857,0.8883510787416128
0.8407646236166287,0.31369987438087665,0.2444601182795405,0.5332098098564251,0.5542297232543983,0.1706346171967119,0.6527056799572857,0.9219623038447914,0.8284399954677224,0.27132238922104035
0.24614288554804198,0.37269915184158753,0.9556457245488426,0.9587810197170769,0.6407220184130681,0.6320534222512527,0.01061307967089864,0.5402765348998434,0.7513055745724118,0.9634141696634545
0.9467026991066595,0.10132554406707839,0.4188111779419711,0.005066333611995599,0.26734832786316065,0.6271568254444998,0.5906685965952764,0.8713511646976073,0.4993869956022736,0.6514744540167015
0.6339737060700235,0.4082559399258352,0.584461500348344,0.937426807334078,0.868395474111195,0.8605568748415791,0.14294975368871576,0.8852665853588922,0.6527461836794208,0.6351925350753865
0.14387561685386474,0.5635455120796498,0.666262570081539,0.4378915582181797,0.674412433418351,0.9627800020765898,0.6931430650286858,0.9915081420696672,0.9778142750339797,0.10501927581153248
0.01511383013309231,0.34470065557366014,0.23778699283393934,0.9154689070679942,0.13800642239779548,0.3420995280543677,0.5724264343741414,0.7753955526196715,0.7929856500137885,0.9266484849014678
0.7271024440212686,0.7173338842164528,0.36686972410297236,0.06391306074245118,0.7634413764899398,0.11520328075450714,0.11946985801637355,0.5990865172773855,0.9185714355970033,0.3784698822396275
0.48621972332951413,0.011610276249781837,0.927843941088976,0.7913265635649299,0.28344658136679635,0.7176909064949445,0.5781892293323897,0.7694892280831277,0.8109674673512263,0.2604016509561069
0.7135822390899063,0.6726946673805559,0.38843914903715104,0.7520023848337628,0.2585267645062411,0.014814036225334837,0.043054492078724804,0.47244460952047584,0.01492302745055285,0.30275671960735895
0.006469790353346383,0.4051100837051492,0.12218967164995886,0.008751977514110276,0.9368763749550416,0.406783664271959,0.7532506599814228,0.8926775156297208,0.709585080683664,0.17653247514560344
0.5525282094822145,0.43495115837334875,0.47391257800492104,0.77732998375967,0.4819325911044984,0.38877835529534677,0.11440516592340777,0.31455018452278205,0.5426819735837787,0.8542084359780093
0.258751287498283,0.4466102377538733,0.5499434208581386,0.7272245630772594,0.4832591091394357,0.28364747301256,0.22114948936663836,0.986307265735493,0.3667177585598759,0.9129650791567432
0.8170479696152013,0.8630993941705932,0.8422798351049736,0.8781962789094924,0.3570732353689847,0.3175061338142624,0.35560173141742824,0.8314174352501982,0.7119535378302433,0.2547231772528219
0.5205048624271402,0.08508060608961387,0.5414863985323576,0.005795543873682418,0.5293172206531889,0.7321320256781628,0.6064609137700663,0.047238358293252736,0.8004086347760093,0.48915870022311203
0.1187137555109844,0.7793703871744385,0.31704901176863554,0.5400765575108618,0.08678094338221187,0.8521909522090123,0.8840330436435627,0.5090129743054222,0.7494133049478948,0.3665653443558127
0.6445130368558906,0.3592403694058368,0.15065225397490178,0.4285477777023079,0.13440247804728356,0.2719853105930623,0.7056283775802139,0.6502586576635382,0.7756329325232003,0.007766217221663818
0.47709102622843313,0.9132848977597672,0.23208497688588514,0.9990526170400553,0.3148881301963208,0.25217038989424256,0.8311654588292228,0.1728530715867006,0.609769287783479,0.8216110041945678
0.8903448653029414,0.031028964913204504,0.7551326925797837,0.07582024622176808,0.32431878775106093,0.746414315965097,0.3598298444862188,0.6158953869195328,0.2703738597455514,0.6682929472359886
0.4030416150904387,0.036376732375243304,0.3439328884220173,0.0633154783855886,0.7253079344652227,0.6822141991836189,0.5210578756959819,0.10346213122860659,0.13268480142051386,0.6958177315148965
0.3297118988973031,0.46989298491614573,0.37136806595693195,0.861754698703813,0.14891138521413338,0.7207745127816734,0.9123359337289977,0.8322142368613417,0.8582479312295782,0.08924320115524276
0.5094454836449736,0.10667366996060001,0.267113556411811,0.6710014815419714,0.6970885077793477,0.6955369708093253,0.6437645681113242,0.89212473852693,0.9430684145843627,0.6213005955156208
0.3847842434774189,0.27559630223512344,0.9633662471854423,0.19390867370959053,0.6708323111040718,0.09303163928434999,0.25919945205670347,0.3824283118295573,0.8809913812436593,0.15785131484439163
0.18788925597397954,0.7297831363699845,0.6698822652812398,0.034791961614317746,0.13233421579938243,0.3438732231392567,0.9632004669280363,0.8656219706482491,0.6541125632749858,0.989871516384154
0.78571604728065,0.17577001375057055,0.7100880797414414,0.8734102090158526,0.22820435241075132,0.10235005831090382,0.5340806487379957,0.6862121293976966,0.9286430811799586,0.6622005482398299
0.968397697935899,0.8759089556884733,0.8945737616829569,0.9476318703802001,0.16902713813935044,0.8296984534253853,0.6278308410213513,0.14554638004737763,0.30506195788926393,0.5496243245425205
0.316396392732765,0.2974656295764839,0.17997773631723468,0.3093272188490408,0.7047734862759727,0.452095842791858,0.5934903727325999,0.15386964791005964,0.5338733452451698,0.5370738398766517
0.8934935420659119,0.49963146121983293,0.07236700673161767,0.5154603351199745,0.4630219680346004,0.6739375864077949,0.8558055043522786,0.9372278288927117,0.2348633973932457,0.21058719189384612
0.5139278239026357,0.9259930428269086,0.9887676219500041,0.5344703210214905,0.18117038700069066,0.26326254125264525,0.25166849827577475,0.22908958247866507,0.886265555623696,0.2260096493755237
0.47423585478125807,0.1608729236582198,0.7090643229240945,0.10160080232531743,0.9920686203454119,0.836252475122675,0.6363559578079323,0.9398455158002152,0.19529409381857188,0.28955971339322617
0.7511798295939447,0.7951128301025109,0.4414622567572952,0.8998576932156497,0.4633318388029397,0.0013501150192790634,0.4258577545258244,0.8854929677044548,0.14548660008117953,0.25210526849181325
0.3079596118370468,0.2732447969061258,0.7608014825421582,0.4640031679778779,0.3292833538659321,0.49251926798540213,0.6104703917406804,0.6472672655946563,0.42965137745111237,0.9008067662154531
0.6359418572925774,0.7457823111157056,0.9122324758115185,0.16042892050361568,0.41735675712209475,0.08097147316635978,0.12787782274641735,0.26827550231111985,0.5688647735529516,0.46291779900717567
0.5595634331066907,0.24495791519487298,0.06307073544399533,0.7353936961265162,0.8079633697212151,0.7887257423758656,0.4116841757989843,0.3238472995383309,0.8688750760095717,0.6454899890661937
0.8607071302870812,0.7289375282194173,0.7269507183628,0.36925817352626134,0.01646082663533166,0.12220385455446714,0.6967952124346299,0.006317741794878651,0.5451183485613418,0.7180846566227033
0.10919380871053508,0.2636248022979163,0.46778712920436905,0.05078371121925351,0.20640151737833645,0.22042610270006302,0.8839462080832038,0.8892327172684568,0.8492369479878212,0.6123341437161844
0.1646902277847505,0.7732702810106623,0.882571936540473,0.27808880005731373,0.04507344608566255,0.5193014177145691,0.5089021309450761,0.3603183790008494,0.2778402831262109,0.5178883708768864
0.30084011297713087,0.002124088610119146,0.3634220910063596,0.22674649607660213,0.7818422406220634,0.03964837926838627,0.174367330830681,0.2766206571857305,0.6727222439628714,0.7788458256899019
0.5742259965839452,0.9343163906808787,0.8378108821987352,0.4345226423292593,0.20689375151219258,0.6299917060335906,0.594900700166411,0.5561495425405033,0.9030246661695305,0.942048305353545
0.4787123068788619,0.6696233841262953,0.5172383734920616,0.44685872740464627,0.8632454118224183,0.9268485822325168,0.5098876547368116,0.5316991448429612,0.7782917262441162,0.7311533306608328
0.09086917575217335,0.718759441873896,0.15895025267149399,0.6967955285698042,0.3725828155651827,0.2826810925713755,0.3544761150325071,0.7197228685552074,0.6567130637029952,0.3675648129416329
0.4980833491765003,0.10107744940384278,0.26131279213607395,0.31923488235147157,0.6903914316196968,0.5371747220794881,0.7514071214524355,0.6372679514010936,0.6556916241359971,0.6443055866848488
0.5762332847799483,0.2068133937598794,0.18114180716160078,0.8413663249968096,0.9315975711254854,0.7396184314106599,0.17962173152368044,0.08489388173635448,0.4939950969074486,0.009561257026998504
0.8129766406733224,0.24790332394703596,0.6174253809596133,0.4448595897071719,0.8184435411659902,0.08744641627826799,0.6697107316983121,0.8436015192403871,0.12108725783540975,0.9755458876121701
0.6222944556329397,0.7125706259582905,0.09411462933378267,0.13478367808024738,0.8418905333592346,0.12332501934155271,0.9837558536922746,0.5585423733380765,0.21630922478098458,0.21220520276367438
0.7066781818840415,0.09203355583962425,0.14642601316369175,0.4614584882754176,0.12330325945527187,0.9891202463960411,0.4500780450053673,0.7545358294889868,0.7037537289199575,0.4535766280755107
0.7809588166632073,0.1610572556036839,0.8625736672341887,0.3690320944549901,0.5838742036492321,0.8804722910147105,0.9232588933964285,0.986009417027737,0.8243101095257974,0.3692040870975145
0.25616784599338627,0.8798017645595565,0.049673791163053815,0.6880017451073278,0.5137098438608266,0.29797893825642063,0.22678543308766153,0.2761772670783008,0.8038703923963973,0.12952009518228502
0.130264003325134,0.1156981829081275,0.5088224065920738,0.7157573793690208,0.7218955026260024,0.5310467385033113,0.6338217784172628,0.8535211514113085,0.10398477706161113,0.17407693506021993
0.6658721272706639,0.5623444549140113,0.05370703805051236,0.7369043438560073,0.6396476298242496,0.8584126332034977,0.7973251158488446,0.014527676885227714,0.1521486723687847,0.7533636842029667
0.8525208857089157,0.13710759470961098,0.5629786922213403,0.4714304061310738,0.9742557159230937,0.6183678839502224,0.9374790059754443,0.463493904322387,0.48137395779995085,0.8768021759737418
0.5820057765570013,0.6706307471499596,0.6979168836008136,0.5664377225056534,0.8853288346317896,0.8261813520459695,0.5379491717366416,0.9877777480609967,0.13733785325718895,0.6338121763876685
0.07691672310636377,0.8004250580191827,0.9842315435440102,0.40841143819053705,0.2905142159135382,0.5300844219420342,0.20810739247967258,0.6322234920205049,0.1135503760148655,0.2123705221895842
0.06998743351726322,0.8506586197314844,0.05494164479715691,0.8931563261285643,0.5561123401485232,0.21209608165128935,0.06181128998869678,0.8163791413339643,0.7890780273331679,0.5773571990764473
0.6276803520479922,0.8841961755504432,0.6624769755430348,0.4280688031816362,0.019591958504719065,0.9514079199795644,0.9568001029154101,0.8693523539981131,0.480794009624234,0.7166231313214071
0.8300481693832901,0.35883773077392345,0.8297744032266683,0.5176395755027469,0.36415397342491196,0.06624588887170935,0.7686406755327122,0.5864857179607209,0.40719108016493544,0.9579508109974849
0.1258878971244617,0.40707461454662,0.5529514086481861,0.2055324532882843,0.9567007245742155,0.12250477962091388,0.47165457046743875,0.23433361923005913,0.2975212817314665,0.21636533789268475
0.39903820005324575,0.6946509309462293,0.14580791179117158,0.706685513639904,0.2895661499623132,0.6022388905319653,0.3207556583802489,0.818792998044717,0.4248232538067299,0.4969847392766902
0.47937935485510574,0.6726783855092787,0.29061278503893273,0.440707662753721,0.9725218936567533,0.9752783350511173,0.9804054289817133,0.6991153694848627,0.8074429286259125,0.01200338262111822
0.8330160995238396,0.6145767604423074,0.28140246332042496,0.6355467855254554,0.3460068440102865,0.1316647038383867,0.223653271991484,0.8185920454281261,0.8395173428115144,0.011975229542607102
0.8177957003279815,0.09112981950626653,0.0350907121399473,0.30040104282547664,0.2745309022897562,0.7494195552621158,0.313694449764752,0.36166006053786826,0.23678611763724067,0.06904290599168006
0.7534247782686868,0.35042737059309326,0.07551699519392652,0.9473959519160078,0.45613878303882804,0.18039939894546297,0.9771477419300212,0.08368555505345898,0.8505411918869517,0.6009784055429753
0.8778188572005586,0.375158973185874,0.0820091723493317,0.01925910638845385,0.8863453865286713,0.3874194867199171,0.9955259715280428,0.8439949755432751,0.8164975055300085,0.490073125547828
0.19696155628043044,0.5015543271515828,0.1115411069791794,0.9286960192450174,0.02454457852505776,0.5287357298809215,0.5483133514863046,0.7645790848841959,0.3872990287858321,0.019898018640255755
0.400017542661806,0.4583052581421152,0.26103821310778463,0.08989421032736933,0.1431784353826785,0.6741507429198961,0.7178281120185612,0.3372332256452336,0.8272980103719362,0.3601484776445675
0.7454285672187311,0.3843987688297309,0.9196546343253359,0.4195542791503901,0.4839527249732831,0.9477276466083019,0.11625024813054152,0.989011517912127,0.6089588478230952,0.4093624628853426
0.36894496844105495,0.9103924729662947,0.4912147245951102,0.74710285610188,0.4906909833022314,0.8337269655418116,0.502288615996781,0.778708839832206,0.454200561651135,0.7477875794918375
0.3962413350883778,0.15554556309396717,0.38509409904955694,0.22470898957851726,0.7307451676785531,0.7181159363512,0.6629756030760283,0.4160376750752479,0.9495551114508372,0.004990459863327024
0.27772483514563917,0.841586272018332,0.8125015846725435,0.7217124958584272,0.25503089935451273,0.9848938852652477,0.4385531333829157,0.5464467752899407,0.8825659898553466,0.44974801769311357
0.6708416108632724,0.9279040332637077,0.22922097649258144,0.5959159364150988,0.10931720941659628,0.7435324648394993,0.6696074800376485,0.5815105701077283,0.15830081614013058,0.8380083406520497
0.4449723831809862,0.3817870634192507,0.6423247638555832,0.373941607073067,0.6237495105254717,0.8011012525934414,0.8765986274027785,0.8953856448745628,0.729135696708933,0.9443799716666592
0.22808153845835932,0.9402673859621026,0.15970605346221045,0.7817601743608465,0.5842078782016469,0.658923830904679,0.8414991264178941,0.6614299374198009,0.18000522817314935,0.6037940663797234
0.08647462152442198,0.07268805501612463,0.4948469696045287,0.40857838725044837,0.01773979731874531,0.9220339759068927,0.9757812036343272,0.7842103631368149,0.8485640234335624,0.45830390171389856
0.8932492543459735,0.9372981428407199,0.21209182102618596,0.2734524578187175,0.8028498037828113,0.5469424448777754,0.651256727822481,0.9105098476739152,0.3766470558514773,0.9001202523093712
0.8085824608913169,0.22011207105817754,0.09142969757281016,0.9744032202303794,0.5106750771813862,0.08265402509086772,0.390052233320789,0.389659731885872,0.368730237704156,0.44416405802512016
0.5980933334987178,0.12996966725345593,0.6673716389208905,0.6087755535003091,0.6817356038618703,0.10917308178480967,0.3636991335789812,0.6663486805095001,0.19557470052551862,0.4197884530476731
0.1979512685266971,0.7209174738546759,0.7026503294364295,0.3533935173361441,0.9535235431725719,0.029122051619630773,0.26285907012945564,0.8661219839267923,0.40186746657716166,0.8428803166692203
0.7125838062356477,0.8602667682399381,0.5180368275419569,0.13904078741367187,0.9869961730721404,0.16014967372695366,0.25773504807021086,0.902783259690795,0.02948845518904797,0.717577435271315
0.7623135762636114,0.3270772157419495,0.8290712945460504,0.3029278117102937,0.6111477191969722,0.5023242342705466,0.7298097767043904,0.9750258179881831,0.7889567961317896,0.6549633442289394
0.9482947127824733,0.7114775352128184,0.5340039661479333,0.8153774435294888,0.7296211282784478,0.30593084724430164,0.2272393485786438,0.2914718349171973,0.6297828644645534,0.27968794667925734
0.30133390512460956,0.003364098670851412,0.48687940996171464,0.43212334906163696,0.9982225157497281,0.07120348445355051,0.38692901971019056,0.8001268672112144,0.5125419729890016,0.7055172730748365
0.5849131878185739,0.054551283497128455,0.34004141054364145,0.929762721240131,0.03814189749852759,0.8361242826954424,0.7945178516167489,0.031235030332776748,0.594803194968223,0.7640166745106302
0.5620865812763413,0.9897491898508368,0.1251607721155532,0.03018505145111816,0.4501105716480587,0.18767300605183113,0.20792222141189254,0.012418776904896234,0.1280235370474163,0.6158218180223904
0.8644082225457669,0.1543377966109668,0.5744591210910948,0.2770480676790523,0.36851346143539276,0.6382802972101859,0.8027622347506379,0.6932779554677434,0.6867192447306455,0.6771788090236658
0.7394380618903296,0.9140780416779486,0.24366942263651636,0.9964490655556436,0.015681570335270623,0.2969510638918663,0.9510619425501726,0.5709622194110539,0.5618201835528891,0.27718714664586575
0.3098009273589941,0.3206140150418956,0.7147508481376508,0.28632538160684884,0.4544822023031184,0.2014697042591651,0.47006136693496026,0.5809711043487854,0.5264718951932126,0.5423478760586976
0.32813635830641974,0.45833546213726506,0.6039573884193282,0.28356702805993006,0.8024970641391912,0.44710188811282603,0.30919524905250784,0.2310319698735056,0.13307346220247096,0.9017510063584121
0.8338360940449538,0.311701615416742,0.14205543837347634,0.18661670014933585,0.3680963098428637,0.3737760561527118,0.7842339648386776,0.11578884004803047,0.5394762868820118,0.39956486380674816
0.4793671452822845,0.13551304070394765,0.5368513111428066,0.7566639535031789,0.6448733668283974,0.8771201412837204,0.025733365673142772,0.38182443286489953,0.9881719088180583,0.03235749622721629
0.7804054174016948,0.2553994957768472,0.9345642316536794,0.7968043985409087,0.9954569620158671,0.814630750432571,0.7645086295872475,0.2633355219485839,0.8213981216536839,0.8493113226514937
0.1407743114132921,0.3457093159725356,0.48383873984503234,0.13729894696063316,0.3823436218121239,0.5321231861428182,0.8601518327561286,0.17136750007086698,0.6672153986549283,0.5011409128848949
0.08503195367879945,0.48097148921275035,0.2047921370521152,0.2228950515094722,0.9109316241955302,0.4702679667911257,0.8907118846910012,0.759647770821378,0.17797116315013306,0.32720548919974457
0.6760761372220031,0.07789718076753849,0.46498452402951773,0.7969428558936554,0.17307986685311194,0.5955123791405154,0.6695851606760443,0.5707154994389293,0.255318625402155,0.03636338713722409
0.36351458362673394,0.4197823236782233,0.8332102835630781,0.2387154046838983,0.17631244664032109,0.7591600631313076,0.4675584510185006,0.2707897238386121,0.12190025429567874,0.626947986866652
0.16969821455746492,0.32070445523876867,0.6159970982011829,0.7862530421623263,0.11918464869475409,0.2936066762491335,0.5573510798941234,0.315903715675536,0.22577092419819733,0.09340490369178212
0.050163047713257414,0.10239436614976138,0.6949741373972848,0.09784875952897754,0.6088048898759468,0.5349990321300628,0.37241062779316136,0.1374378719742333,0.5419844058158082,0.35714701277966177
0.9279809784197329,0.537233636629811,0.9208343032829666,0.6323019122319188,0.5892643915594598,0.7059948297676693,0.8041251779694888,0.6285430848918574,0.24646634964649128,0.15120126322782068
0.1657839353860513,0.592284715977855,0.8101757897395196,0.17189999231966313,0.13094821394596312,0.9193692524076347,0.04703742679700418,0.8991975172900412,0.33879628109564,0.09175059958593079
0.10705861287938956,0.6129954037644121,0.7455031332443894,0.2198661888120801,0.1368820402630656,0.5787319105254517,0.6983229484643869,0.6876095215901686,0.9032511403176112,0.6219847575608788
0.10866732691671532,0.21767212265544222,0.5805121712670215,0.09195058945012102,0.6765324872267229,0.28311601991287794,0.3634474033678443,0.9188364695319045,0.9020080489075006,0.7899785093470206
0.29747463563524545,0.3351039346869289,0.6437703252458595,0.6883485504240532,0.9719474022961342,0.33301149244614914,0.09896306013613432,0.9786126940766121,0.10830094319849404,0.009729531902534005
0.009641071797348966,0.06345205193638914,0.3917269797096018,0.5591229069878513,0.8407219770848661,0.02886254747734507,0.828390854277235,0.15814141882650967,0.2993914928111343,0.7062646184774535
0.018325155554300143,0.2906969425640522,0.2828030379187,0.08820910065169996,0.8101905648646786,0.620114176211788,0.12008159604996915,0.6445115997072763,0.31879572397612566,0.5002655463001158
0.6730788830843808,0.3684609666230252,0.16673437961705861,0.15884842928686416,0.409568189647178,0.4064829118852722,0.8915673501068755,0.4590377776987218,0.747446397019122,0.2948860257854521
0.6029032674489521,0.1386858788136649,0.9509467175562746,0.40691252531927813,0.5251277257520057,0.3331527167907954,0.4985667673163021,0.37666822620860074,0.13791517867774228,0.22334490840004373
0.6115677379776414,0.2541191460347686,0.4115166999741089,0.06213285639971966,0.16025939793848099,0.9696876666200471,0.7841489113972182,0.42597362082587076,0.41107243347754885,0.40028372314062566
0.6535295759075106,0.4784938721173745,0.20541254465695924,0.29007808845118654,0.6156488490199594,0.16461315739557547,0.5611855722367209,0.8202522199988355,0.6162797501127434,0.5742986051150313
0.6873916762279039,0.5607545113513713,0.8523638951629763,0.4890252379391995,0.36408298522026716,0.6847112975510268,0.1911221600315317,0.3644889433550176,0.3334984667848355,0.7888969567033324
0.6872510142985025,0.8219157747944427,0.2617411022492986,0.9201883934809011,0.6333544886500265,0.4900371429304674,0.046753575224896315,0.9000655072496034,0.19548803711704865,0.5485321429618651
0.13464461296026597,0.7115107127113203,0.7325661753019216,0.9756064277376734,0.8316452264506126,0.8741606727963263,0.9029822042243902,0.2739060776787915,0.042148278278926976,0.7987239870501505
0.6522000596849912,0.33370235495085465,0.13100952897530804,0.060363801499890624,0.5499178560137769,0.25738867043411895,0.7689549844563464,0.38074210487529836,0.3249784399901924,0.9232038802982473
0.23682129085330172,0.343921297190527,0.5888129064988056,0.5889396406903117,0.06825270310846354,0.977530822608888,0.6342868112149775,0.3673115275224792,0.17333832663027182,0.09295987731659783
0.5758262115128858,0.6016390639530904,0.3317390033318739,0.5076592020963221,0.9756984264641124,0.12243069845532861,0.880578628537182,0.6917534489386985,0.2978583813243666,0.16821276243824557
0.46484318015605475,0.6502404699699146,0.44366219291518494,0.7313182746759143,0.6811922220316651,0.5395213180622808,0.3680755082442294,0.5628576492586139,0.42098403391221095,0.9159460683727773
0.2695568455619204,0.07984223360193488,0.7346797172640799,0.29677851859618765,0.5357047713671199,0.6191109547766632,0.0019013965696209612,0.853440067306642,0.8556038602048524,0.7551837627919845
0.11994633666511012,0.3837334232967884,0.16379917251933507,0.5312242847499826,0.47132814765044073,0.6946196854791151,0.947879832660615,0.9796509696813063,0.8948644583314009,0.1707855773066913
0.8471545317727367,0.2553684584348608,0.8472934905605392,0.4121072172193436,0.4587381250350534,0.20298574506316858,0.4959667167090389,0.901975333714922,0.6620339532786272,0.5949526644887796
0.5295465376141923,0.38281963959670584,0.5458186222203342,0.8337568968995946,0.7287379363722378,0.6926791785379447,0.7319237048252517,0.5678798943026295,0.010273964207595188,0.9382247605538676
0.4460811850357981,0.1291950056663761,0.7272473761960437,0.06492348092460731,0.7969789830526839,0.23911755651195865,0.6471316288384277,0.4196527390985556,0.7838737884391882,0.17014581661565853
0.8724943448532166,0.6124122601740769,0.6328499643383613,0.7979500558593458,0.04594384202012758,0.19524161388090566,0.6300251320120891,0.3208903909060363,0.7673675499105009,0.7413590686735112
0.2364308994468617,0.23842293420517258,0.060740744391226786,0.9357940825430108,0.34711965698164515,0.994789594503485,0.9286500675855608,0.26333984545281874,0.9474547929439985,0.270008301539839
0.9804584575992786,0.43733708142647043,0.6201088968746754,0.7494338871568336,0.8400278586134935,0.8648454020238986,0.06127616374112499,0.5865823686975495,0.7996799413010403,0.7239833123856295
0.5802344847744925,0.5640492273053738,0.637889906572087,0.3378594071308575,0.6929551925421649,0.6896940738411984,0.14716263272505636,0.27665992227842773,0.16510594869786277,0.10924987090344418
0.4897462768829629,0.8264703683925695,0.05160531900469123,0.45809500579046436,0.4288114124828417,0.9390064060928554,0.10682360601538476,0.2963392077170597,0.18243422332863213,0.7503107455930152
0.8678967720901847,0.5117154273732117,0.6334003140533091,0.15198808635433014,0.10416652297463735,0.5676829563059275,0.24070993208368852,0.5946348973489616,0.9537927749416986,0.8804713235674559
0.5300549573578416,0.9952241989501882,0.6626057930565264,0.10752432789672983,0.9126906573643486,0.7817696838724111,0.6184993539802257,0.929729524246836,0.33207947935086524,0.9328446570701704
0.0297819648094233,0.9063270019322542,0.16477650355342432,0.29079983845266466,0.30198660021193113,0.6491652016152821,0.22732407683923994,0.8062405129186218,0.7743807689287362,0.7426354874642774
0.3430764307648495,0.5112783859032097,0.9071308113368013,0.46800013761353143,0.5095903108932394,0.35998892971431884,0.24585004781978637,0.8853473687907427,0.46268428185483,0.19355517895127083
0.15797951452329773,0.5558408829439602,0.08379211042191759,0.3646898489798961,0.36649050157513874,0.1105467170075185,0.003135657860429908,0.7811480309228305,0.09643555292781514,0.3958834819469229
0.44627570061127453,0.9186055203875731,0.6765425772498089,0.21254323379888052,0.41048967995771923,0.2254295539491704,0.5873345615760198,0.6637825644250764,0.121578106256367,0.39235475905591777
0.025814297802506103,0.8537505188801774,0.6114042244995032,0.6982708992007115,0.16377539890701742,0.17223989716136234,0.3964197112227714,0.11058021796819295,0.035658538452662425,0.12458653631819883
0.5850679515571057,0.961798203626258,0.2286983478986705,0.09261024817673857,0.6384718948162895,0.9031557450139154,0.9441666044329085,0.593199880113483,0.9052524279903184,0.48138967554280543
0.34576817783900304,0.5944475592905593,0.1206159532729929,0.5829303398283886,0.5112669530013726,0.2898556533022013,0.5619700833453681,0.2837776617106975,0.4654150915524412,0.09274913289012554
0.06381125832424228,0.5158138113796026,0.13945935814319954,0.9450355170555811,0.3681276318141027,0.28442869397658244,0.6677403998806105,0.3153029169128527,0.038504082007092766,0.35606060682753493
0.4932447562752065,0.008863790840547336,0.5748163994997371,0.4208446138644246,0.36726038069414935,0.12375109667185413,0.7128051621375019,0.26194101660722624,0.1208838968774435,0.5248767126421003
0.7736880054818566,0.944622974502405,0.853629901551337,0.8086498573658459,0.9247003773259459,0.10867077156889426,0.229554805638707,0.850294871939918,0.16228495811785426,0.04525369728028128
0.5258353540592676,0.23235321141129672,0.3542233624243808,0.9020326029753895,0.4271067565204315,0.9082380995571364,0.3344512738294074,0.5846630571090461,0.4342677852770771,0.6193000505228776
0.8618234830128351,0.6508772276154807,0.3942947540987386,0.24669627820654283,0.8693578232345393,0.3252771572028368,0.16080702820524995,0.3038042048051254,0.11394091924677563,0.10410283667126552
0.8794934065735763,0.08843600197635804,0.18355793323716318,0.11576586581375159,0.37616068485248777,0.5910256110869967,0.8719576586911068,0.5523809443028175,0.8192331488680467,0.9467629090414776
0.35288265188564405,0.964250332595145,0.07251752083627128,0.9466689849004203,0.5748609890485172,0.7126366533263775,0.6087052207747911,0.9375075341344759,0.1046996106520427,0.5123132088154878
0.3974958194721363,0.46876268611350114,0.2918439942938076,0.5605261920629446,0.18066351988709894,0.3720325920464085,0.7370651612683271,0.35703901445265773,0.07608774833310739,0.7972920553428725
0.04039178151189993,0.5872856606333671,0.2801041008630225,0.36139327404638777,0.772642784720553,0.12109939813897275,0.8256673632990063,0.3202003928274483,0.8725978394903944,0.2790574910369831
0.5318389960162803,0.30948558935371806,0.6714298260738167,0.7238970293220965,0.5704215292709286,0.6891926591026261,0.8080450934405383,0.46098484379714855,0.7980381311708155,0.08710521920207925
0.8995969014544107,0.4517012643151609,0.6335051635541028,0.1580748629169969,0.2409768222053552,0.42126676293392673,0.6630341803193739,0.4872489488773475,0.0001682594119017944,0.0182150915564806
0.18249644598403314,0.606346530745883,0.8148840143712908,0.7324791009347283,0.5906879951054944,0.27227466011630086,0.9736243627231137,0.5145680846479987,0.2925326311456038,0.09574776209943259
0.5988717594804648,0.9258326526724668,0.9576812076545619,0.1683164171982907,0.6320520654899794,0.6463384434428096,0.8356028884267924,0.9582867308082137,0.6087419636896011,0.48324055800505605
0.8644052288382073,0.259791919817137,0.9928146758423564,0.8638286124571419,0.312796619987172,0.34879696376434766,0.07980673997280152,0.5591446790532355,0.18312210809184437,0.9184821139186077
0.9924690128337419,0.05343564944746482,0.8731885357176262,0.2927316313145799,0.5195672271237084,0.9972863391910514,0.8872176439680661,0.31316712187511464,0.7939245423254693,0.7629378716247822
0.20630340451025098,0.32892277374510104,0.5357875276039077,0.8898594380817959,0.8446249791183745,0.7673284384526823,0.18938400175147285,0.6352449967320682,0.8912131635849312,0.31580784539063267
0.17245311818296283,0.9415527258484064,0.7984837792310799,0.33549435651252124,0.61546167830517,0.32283108939526284,0.4909510100807152,0.8531931743787237,0.1905041976053352,0.378595468259868
0.6863016305037685,0.9297842685349303,0.5176915628138585,0.20793389984802735,0.4011483563283794,0.7263010815155756,0.05700896451178439,0.43933538679241224,0.6775280625792997,0.48052947644404964
0.39576742584252955,0.14109316192192645,0.9428445415165483,0.25161084533150724,0.11448680129114708,0.18124262290033366,0.649175792695794,0.3169381943613888,0.8544927580568281,0.15948738554197783
0.8714978569076526,0.8824523434668308,0.49456810518239214,0.8136196585644572,0.17649169604309523,0.9293860474423922,0.1223764067262223,0.2498263717242386,0.7383678322050117,0.8865906639911109
0.7242203463521394,0.8332504547491183,0.8573872457803793,0.823693455189508,0.9069894856086058,0.6284338665957308,0.8974640075222647,0.936228439985152,0.8321248492910199,0.7682715934871786
0.7166929241297804,0.5689669516930007,0.9016437033264064,0.9001226632307283,0.5291390128701084,0.39366358608925767,0.47116536712386703,0.3823570089193886,0.5887675118085931,0.0383467709791776
0.419162855940728,0.20867472521340802,0.7289211819169849,0.12444116476659406,0.9635304118617691,0.44799694634541976,0.3253057550947952,0.11895896117012306,0.570970228721324,0.83499917829666
0.3882048943496931,0.6256844224486623,0.2212085901494968,0.11875453874656217,0.9728428260617583,0.13435829097450125,0.11818143827930094,0.8412599335714225,0.39454373995795755,0.28078051844186014
0.4653727804309886,0.29048273330661567,0.3762658087610202,0.6032167220874,0.7478650992562638,0.8134269598009524,0.3407414619364969,0.6773624394075987,0.36134736501832,0.9914354826665757
0.7381809817731413,0.6310795726700558,0.33257962081704995,0.785041142168646,0.09771015033807928,0.7736483776113959,0.5450269714341566,0.11593688905456223,0.46463491693225245,0.996670489401478
0.7791723295245541,0.07106519067086947,0.08352921146062386,0.49647814900236387,0.8666310506033339,0.011026255598491574,0.49893120529497303,0.9162597702136587,0.24064583926347227,0.9618119244019683
0.8926876952729792,0.4995473098530685,0.29821630451038417,0.8778776050225212,0.015397407520014506,0.10340063346943129,0.8302155926455786,0.5528497147030772,0.2880252995526549,0.4835196247288006
0.37340221639830995,0.5348729374116677,0.6535483753027674,0.828291781449515,0.6688204674666077,0.2843702705991411,0.6564756491906328,0.1434789068430884,0.5111746202730089,0.27522877956360436
0.45723251126183106,0.014404380710178577,0.7036133043267743,0.6121342815212392,0.6015042254478363,0.40148265028495866,0.9849184310305393,0.048899042208065624,0.9487025219756852,0.8805049328455133
0.14249875982696247,0.4730460106397304,0.3413677885375137,0.42065953267636313,0.31390247559730433,0.41406088001619523,0.02215631419534958,0.5437564584908665,0.6400745390440664,0.767552409592027
0.6195912132474306,0.37007439647595386,0.6819010817801608,0.709793568104278,0.6980914552182124,0.7131760111614037,0.7881484478885895,0.520476523206635,0.11512827781036017,0.37777364400632907
0.6951138767646572,0.715965316759766,0.39942285741361316,0.6931686215306726,0.9704660325120351,0.798262318527254,0.587287580687321,0.4966127941150753,0.17979801620187363,0.26402180850751333
0.9220224833129611,0.339691467953234,0.9024231842549824,0.35100321183930405,0.45392964404160663,0.004154718121989975,0.170043159964964,0.747555902069946,0.48823793353919,0.15439621951671567
0.8088812169417813,0.049655711664580604,0.824226159375432,0.917748140240517,0.7458428369900626,0.6998292927354457,0.7102694394082556,0.5618609407669769,0.001128454758126618,0.03051400058692222
0.25029291079480565,0.34206571003377517,0.39811193785973853,0.9393155927024893,0.46107926706779356,0.7030548380792959,0.3130307647212125,0.10500478314842077,0.10896150892065537,0.9904020582754881
0.6468025626227369,0.3289503784234761,0.3406569340478772,0.8958225946492459,0.5509938879556966,0.20196380522425517,0.658081946464751,0.5945184062195318,0.7196588653416954,0.19750139012638035
0.012821099433134808,0.06448288699267479,0.6221574215377191,0.9573415472619067,0.1323427241807137,0.5108177648942318,0.4462524225020065,0.19261770533917022,0.02901528101214368,0.5810357111820752
0.5857718639123034,0.2655985614542311,0.796643709951592,0.9035230144908543,0.5561187718099503,0.6443687347164827,0.9606884257563377,0.7193715743120647,0.9516630325732514,0.4124219427878755
0.6076691817168188,0.09770245836465508,0.7134124115938828,0.32428846158505986,0.9046162314030605,0.9116535556231943,0.02402443556736855,0.16203114894357162,0.050535797484319356,0.7619498086987531
0.29247193407715844,0.23591287787182225,0.08124780034210466,0.27569446582938384,0.12260595129569696,0.9619822765680242,0.3242086281795026,0.9142071099399897,0.8360455809214795,0.7465692733248714
0.6132414864468685,0.20909045078210087,0.906816067305184,0.4592761893995265,0.6780585908669152,0.13275966367961334,0.7648262824875677,0.09262495445782204,0.8928085714613232,0.4762557606967922
0.609112402117732,0.029083637265038487,0.6157047298626572,0.9451339250227634,0.3256388959915576,0.2259889804334948,0.8805039452891306,0.4740153563957764,0.39461319401705763,0.0914399387265673
0.5571368488297801,0.46570897049548676,0.42294612851767754,0.26919108552964843,0.2507740385038808,0.3663896745492362,0.6209378074686797,0.30039595151525467,0.6421975791935324,0.9874304938184036
0.5536410626487369,0.6453793785552951,0.2534221289539984,0.5284774296225612,0.6479308134746551,0.9439177858901636,0.8610875959820111,0.6875585885709246,0.6428553412471775,0.09320417800603586
0.41038391773237004,0.7882919460486163,0.8763919769662959,0.5875451830684204,0.40672567641110535,0.015688262294197175,0.8281248773602157,0.6462775995134769,0.21607311553965425,0.366013361138262
0.48620641145662924,0.6925731199749526,0.8408904603814539,0.4012249313093169,0.016726386177958963,0.6042901082408111,0.30546171756127116,0.32749562840681645,0.8014087916569607,0.4619846679415046
0.5004705245373491,0.6667865062590822,0.3451130862777888,0.9783738944563548,0.6018324434169631,0.5699164965530147,0.6897206268289218,0.4902330627068414,0.24584850672824488,0.0381005125573588
0.3754235987520469,0.8386922435354973,0.8144172084943742,0.2462951757846037,0.5072699623599966,0.8525073716437133,0.18080126811437713,0.2747730252354069,0.46534816222562614,0.41364928631528997
0.9692223867078006,0.22443004490676632,0.7484932122857739,0.25366351561024203,0.22765607764766083,0.1674288620743798,0.9106349210734471,0.6781358088383508,0.2483861688722533,0.734978611633422
0.021761369152093035,0.005955684672460659,0.7292559676518411,0.44706946492111965,0.3470259172320972,0.827640200909483,0.13694139068456346,0.14668374761347858,0.3274987618357559,0.6722071014134908
0.8857562705981511,0.25021924008522833,0.25943034243827934,0.2364912372766892,0.35404847005982143,0.678004358756023,0.9166585030430472,0.7872722737929756,0.04133805537202462,0.17588380066263654
0.1058026958492817,0.033920724909002664,0.3145177013422733,0.33416728024536546,0.0455328208559318,0.24280180193850875,0.9728194765334994,0.9787880935993524,0.6748393642280279,0.7933300650630544
0.30018171321921183,0.558369867800789,0.9182757199110211,0.5910170701445805,0.7855061184597002,0.8135540971850121,0.1939623136950328,0.04665554417358497,0.5251418748164483,0.3142385533985874
0.5188398652507693,0.7529512806449583,0.9309629988037844,0.7320846034677926,0.7056143375366924,0.4800548728832299,0.36187610221386557,0.35184924436963483,0.40704941404977735,0.28707090492339316
0.8277947742602669,0.2114527886177855,0.22231179970410775,0.5867900392127058,0.09742085162574421,0.044846169940226055,0.007671395986484475,0.8261393791277073,0.12156158254382532,0.4757269930134955
0.39567024949944807,0.8517291068647277,0.17719294571750077,0.6542080600383171,0.08741351447216716,0.8230165423640285,0.8687981005386511,0.30603845613223635,0.6886643235778341,0.2088365865263655
0.32903568626909296,0.42124125611427443,0.045036532679058716,0.04338457410291641,0.8976618472147662,0.3931309618073009,0.18754693383342647,0.262499691662625,0.775247346312971,0.2681602054542239
0.4113739986926075,0.2259878268282729,0.1591715824544615,0.24974548145460118,0.4615970173714542,0.4988068425576908,0.8451595469394456,0.6605864582548338,0.3882598658272811,0.031221526098265007
0.17516699594254403,0.9927454811518929,0.6353344346149881,0.9625160043195709,0.3922446635290956,0.36504815945623137,0.7644843720112868,0.12691866747075775,0.7523329293703721,0.7764220858597001
0.1182675476052738,0.969145610770942,0.7268263334580392,0.7921698112146154,0.17886311990487058,0.15412061959437784,0.26890850407992894,0.40403238881702264,0.08264217902160953,0.77041076158673
0.23901419198495732,0.8349144236712114,0.35098159174242427,0.48925107883074914,0.26702371603038444,0.48616983878333375,0.20364453355795264,0.3174454618303253,0.3876947652984727,0.1381997394638178
0.16502694799620776,0.1426970127208771,0.774748383255197,0.17799555338907325,0.8913032692828725,0.17619818705357637,0.24971355804801276,0.6179807647180182,0.30136536832930905,0.8940059160799297
0.6206800048585905,0.9243575043049972,0.3749458581167875,0.3808831183579733,0.235861033877102,0.6752284628726143,0.08690787660051769,0.2953131431150484,0.1972729656630744,0.4483480105970227
0.4499880355931011,0.28038057646776815,0.7048514233645591,0.880599734774877,0.7376409264956916,0.8809628166720419,0.6784244731076381,0.39798206450915097,0.41371772167914456,0.4342028338802626
0.16660068898745328,0.13008056501182574,0.852522385650641,0.1189085921130748,0.518811532310985,0.46350265423051784,0.7223823392353904,0.7530089610421795,0.20317060818777688,0.005249463856466519
0.6408463689693654,0.8848131484185208,0.7556654971890843,0.2691023026279975,0.00947360983552481,0.8618641303871237,0.7190192393493945,0.8108250534391833,0.1306900622206213,0.6298333296182069
0.2938988620534633,0.726163229240156,0.07150869254677128,0.5376926937778208,0.8156453944041737,0.9081540723413613,0.9220458022434713,0.051528034663796185,0.653577426762435,0.4787389768978867
0.26526027500861993,0.608166616250787,0.2621800883801807,0.46678068945192,0.7702548550213738,0.529610721553261,0.9084449066167803,0.09465130530799526,0.7806048013078076,0.45378735540328174
0.3518320433997145,0.11792837333098527,0.8414304421158019,0.6912436609453559,0.3119717251754005,0.2782097677745805,0.6062733673776312,0.6620099520052934,0.007858819729416489,0.7436811648132808
0.70711903041978,0.16975856893433983,0.269647807892734,0.5538642687735017,0.33109140969559947,0.519426602902414,0.5628477916535976,0.02324941074073006,0.6459886062221117,0.8158192528751205
0.8073147129382559,0.6734013512457602,0.9798925176759289,0.8561549256468641,0.5987342241698997,0.45095280777362134,0.6092761695697623,0.37991430294270423,0.15633490258315108,0.004451252656773486
0.007526816943350778,0.6696067686265018,0.9926305833494102,0.5926804273734446,0.3736623300592844,0.9234360396681645,0.5758160392175057,0.3984567716622849,0.3488058836869826,0.6883964139526481
0.5256015541067801,0.3069568427924201,0.058973416473083184,0.36186232374909766,0.9320071143226674,0.8813187824711417,0.6877695504902787,0.7221091719430812,0.4320179033232029,0.23305234195334956
0.7064266908676503,0.21421788178769818,0.49016823014155564,0.6405773107305214,0.027576751323872162,0.7137397027928494,0.17028223856291724,0.29548973973503756,0.8465607560114792,0.6775410861081158
0.028219953806210674,0.9772280994142091,0.8573198142669548,0.4643086703691639,0.17577468822085462,0.3156416910709816,0.9226740689044226,0.7445989383853253,0.4930238501342279,0.49783265405238364
0.15144079999464177,0.32124071192802883,0.37458530537591883,0.10457746942441604,0.04969230031665006,0.3183989968926523,0.5776228017989281,0.4656695514380159,0.43168824856203225,0.8107452160620955
0.5203025721139403,0.3946641701284197,0.18380138315377048,0.03506437850725708,0.2594422082724719,0.6092226189465344,0.917135652547594,0.38058436268815043,0.7390799154275876,0.8790941906778988
0.04966217422383279,0.09575116435811981,0.6867944332913335,0.8700573762979016,0.05698932149535185,0.3461141144037697,0.3542114638858975,0.31306914408534536,0.23119443864677602,0.2131900992556086
0.6278317041017628,0.714232078661794,0.9842306137849526,0.4080157926124893,0.4169929672355631,0.9980242178242553,0.8021117677389149,0.266705618615662,0.8436461050262003,0.0018251574687335737
0.08471739647619425,0.6331007330949621,0.1841208474302488,0.8153874003473366,0.07426104579563364,0.7612547772466034,0.41594476334295305,0.1700404718695847,0.14832540767493574,0.4780677312551157
0.4137593547329733,0.5874229876516489,0.4205109394536398,0.7182829983032063,0.561102140527984,0.31211331422604205,0.5470468264280889,0.05132076099464833,0.44991535770692703,0.34896793766428447
0.5032709322981037,0.9918245416329061,0.5352708984749478,0.14560199499875148,0.9564728118200223,0.5823412059374713,0.22784437743267472,0.7967026646817637,0.5213528276125137,0.6763320812421522
0.6093726474363146,0.913758274529829,0.8008927659234888,0.40531353491554367,0.1955490510711212,0.2471891409464454,0.699804455747699,0.22505560046076822,0.9600552902552546,0.898388772634168
0.8639555752295007,0.4224697717317095,0.8824960305721664,0.17742266223435188,0.13405214736032334,0.47294686219879367,0.2592901888855593,0.33916880034868535,0.9082277449240229,0.48205654300783296
0.51423113156649,0.496472197950249,0.15537560661643335,0.9265826922345181,0.7049960216715297,0.03364298867250681,0.1691678218592526,0.6462124857018514,0.4924517198181906,0.5448074451973959
0.5855142623371926,0.5240579514018296,0.9634298854120229,0.7574055247606122,0.48576352766275555,0.6007981852621894,0.742990242096058,0.8307800456979934,0.48711653277301703,0.768001982521086
0.6252605207281096,0.4914685313117736,0.6966844383564373,0.4358152355359862,0.48831472794165565,0.22222200093830335,0.18840237471080734,0.2610165094675556,0.6422222795342657,0.770025053825389
0.5980673010193893,0.9813690337618222,0.7712867327048151,0.20358048683012264,0.7917884856795866,0.9425015378603352,0.545190924339741,0.6570920463194597,0.3849725337743499,0.30057972964964086
0.2471679123801943,0.5834896225046946,0.35865052864001945,0.144033260744448,0.006324812912172795,0.7127906136748847,0.10936141597468052,0.3573795159965023,0.3318320051149942,0.23923436221805672
0.915726223942577,0.2604650946835577,0.2403613281735334,0.16280833175580245,0.6071819353885495,0.1890850056371991,0.6922980795234647,0.4717582649433235,0.6465265232855147,0.6208517011075744
0.2952866764720583,0.9753862968437944,0.28430549959850326,0.3272005024424105,0.1741534246294677,0.8941097687606301,0.2085359966177216,0.26026052577785974,0.9859848022937868,0.9914034251158476
0.6186733737811375,0.17051991252208665,0.661095143328931,0.11035415897261125,0.46033771820152014,0.4057796756756108,0.02942689337147164,0.7368036992612638,0.41079660950467856,0.41445779139579253
0.6981297952079611,0.6981692564559081,0.10120910349433498,0.9316927832132842,0.7656151203857129,0.028044394155301466,0.14261604045231324,0.40958504739163104,0.2785355795317368,0.008539053559984633
0.7001586591213582,0.27861967433743673,0.5910515503321279,0.6264059677427262,0.8797303317567321,0.8383828901803658,0.3526257492035748,0.2088523585342924,0.7370185723065145,0.7426415031103654
0.7894422017924495,0.0371026638351688,0.019800143269281922,0.15785054017669686,0.005119709933203209,0.6677764496508238,0.2089814888695023,0.1050236141507549,0.24505584791528623,0.10304762974339987
0.6401495696610785,0.8285341799439814,0.11259503373958857,0.6438225447043129,0.6869962149353692,0.9528020664306728,0.20770136909541392,0.3135375946647361,0.013206429940297193,0.38323849880467176
0.26003933944167257,0.8823864908858741,0.12208022030430943,0.46921702384137653,0.6434282557887162,0.7708339074646624,0.9056310344054282,0.22146047081136522,0.7111141616243231,0.28595020058701726
0.9617423290826259,0.15238435151959484,0.6660719584360189,0.5745490187471206,0.99886444008939,0.3621227101617801,0.9012775883542891,0.692521873117858,0.6919301568535239,0.6732393418557959
0.8605263585279838,0.18887352507913613,0.914768212514084,0.9622880486426247,0.6352093853599649,0.761654264094752,0.3459778079155069,0.5699543370007509,0.3508766810219742,0.9739235813290784
0.7553111192884224,0.8795973800607364,0.06957023730766776,0.6808338567538867,0.3867444173489698,0.7937835944349854,0.47671883718666974,0.8799467344177482,0.5462129781493917,0.8826405213709329
0.7733567227610213,0.582423233194004,0.42013487247118964,0.822576773307431,0.5994210781876312,0.4998528809512489,0.9037617849838658,0.001012767286311278,0.9104611666396885,0.6576088320348185
0.005757211132546791,0.6986479656374049,0.6849720419021367,0.5207439547601572,0.21661218729108844,0.9461027343302377,0.32568259520775544,0.31324818256291276,0.06551468019489137,0.16274799085859826
0.7205084099980749,0.6849436933366013,0.8091514682564223,0.0424700316628851,0.8185660278548823,0.671654476944052,0.9871182219455766,0.5462503503480042,0.8044385769038265,0.40274405977283156
0.5811713546044268,0.7885311107330258,0.2663353988392132,0.5596372942173867,0.6060012500728353,0.44642415064940155,0.9811517472379576,0.40873264286578737,0.790518522346626,0.27300712754842904
0.2065268600894734,0.3054785198981881,0.3269239428228692,0.6809654445376944,0.12636543071214346,0.4163027807579017,0.4485065186997673,0.8452105572744611,0.07857976485303975,0.502723484400635
0.43917556746864705,0.6321049618231828,0.9992703498475237,0.8103550487425157,0.654147500643444,0.609324312831466,0.200957720598803,0.8819399826028465,0.5974229860548342,0.8730393342665838
0.21948924611661758,0.2687096408556676,0.5481059799436453,0.8067682766692418,0.6635787839713664,0.8190477269056328,0.915133260708426,0.19871551025955714,0.6280350040890802,0.5336294981003625
0.5888074054000461,0.30551934949965276,0.961653003109501,0.08742553630816463,0.9529454505042401,0.7604612490034229,0.6128187782693362,0.44792918975222884,0.6595281676794267,0.37746513915207724
0.7479042597608714,0.7716522422102826,0.9512722290844775,0.3403517213277045,0.2296197816633475,0.215395421234869,0.4513606835444547,0.31729174227683343,0.102008631745238,0.47936849859771935
0.5972901816731337,0.35915919518589845,0.7507365681192953,0.6624091149877309,0.3972513805674205,0.7501466890673226,0.5155388092537369,0.4939197379622049,0.1752179416032874,0.4611323903296993
0.3628679226149123,0.8628454506139602,0.16283042650945134,0.6778730752790215,0.1546797723277653,0.26314956206494267,0.3922017535228709,0.5600388805574384,0.2793092362647023,0.5667134725613726
0.9777853833678845,0.1465190711876947,0.81612020650171,0.1761490810823506,0.5773086701768961,0.9920794440054111,0.6931776432732734,0.24910112671984275,0.7406270639661444,0.9028676091066331
0.7821679275307974,0.38988195357892885,0.12418338118875538,0.1605739793188823,0.4656443936366931,0.7367517866892674,0.07065399369718284,0.7154868607754267,0.5247249189267716,0.5374774475977058
0.30466519063757336,0.3967143212949248,0.758607806925771,0.23024988704343163,0.8705347231393096,0.6597423454325666,0.31768935266444653,0.1400491514381661,0.6403397655374342,0.13899715507141652
0.8858166286451277,0.9338392401040693,0.032097282006697925,0.5005049858026293,0.8946743333663633,0.223902859756262,0.3730393868358255,0.9200478763522013,0.7781558030006228,0.07525080159435982
0.4379005391821743,0.45346633928842883,0.9516927155123385,0.3775104841971677,0.4989593094428012,0.29461959076065525,0.395316452195943,0.37235083877616304,0.2783268351107928,0.9522642068938575
